{"testTime(s)": [4.998266897746967], "POWERIO_TM_PP1V8_IO_DCP (V)": [5.005199306759099], "POWERIO_TM_PP1V0_R2_SOC (V)": [5.005199306759099], "POWERIO_TM_PP1V2_R2 (V)": [4.991334488734835], "POWERIO_TM_PP1V2_1V8_VDDIOB (V)": [4.963604852686308]}