{"testTime(s)": 4.983593109105825, "POWERIO_TM_PP1V8_IO_DCP (V)": 4.997265518184304, "POWERIO_TM_PP1V0_R2_SOC (V)": 4.997265518184304, "POWERIO_TM_PP1V2_R2 (V)": 4.991334488734835, "POWERIO_TM_PP1V2_1V8_VDDIOB (V)": 5.004101722723544}